,y_test,prediction
4931,1426.1436,2523.4231840663815
4148,1201.769,1291.1256493764215
7423,1836.2764,2063.4811584112995
4836,2410.8618,2149.796386563059
944,1549.9824,2999.4975002755855
154,3169.208,3944.0579372630255
7230,2036.6822,2610.1538348025133
3472,824.9262,1895.4502394506019
2294,378.1744,514.1747928343875
2588,1573.9512,2070.880802726297
2087,2474.7786,1888.2145383298907
7318,101.8674,644.3135005437431
6126,894.8352,1729.5142863875099
4164,1491.392,2421.1446191615396
6572,1390.1904,1879.8057194840462
693,1707.777,1447.4572005277453
1270,1853.5872,2444.370465446415
5893,2404.8696,2870.332204115899
1624,5528.1374,3779.105862685895
5223,12117.56,5705.078003711821
2972,4767.128,3776.6949208667397
6814,185.7582,472.8658855703311
1555,187.0898,505.3418449023507
8275,772.328,1563.206995220178
3760,1324.2762,2418.1493823651635
3161,2036.6822,1614.436293416439
5225,6574.775,5705.078003711821
1570,5285.1204,4018.2963874819375
4285,773.6596,1025.779833427685
1835,6615.3888,3903.9957675358546
4266,1022.6688,1464.3157734153094
2740,2797.6916,4023.28608769618
4312,3099.9648,2984.494123518352
2379,1720.4272,3714.3991997074395
821,3338.3212,2307.6203461223854
5862,1061.951,557.2980481498205
5108,4567.388,4383.429952592151
7149,6474.2392,5705.078003711821
2060,1145.176,1885.811579761746
1571,2804.3496,1614.436293416439
3879,945.436,1560.8767882959073
1889,1255.033,673.3617954305286
528,5206.556,3774.02864273938
7060,5842.395,3890.6171532202793
5845,3379.6008,3011.6118480434375
5860,477.3786,377.0536420093906
4861,113.8518,275.86178315544163
1824,992.042,554.4973186529372
1098,5259.82,4048.5755585504144
5530,1704.448,1609.3541937860382
1921,117.8466,277.09193325447353
8517,3608.636,2917.7422200325036
4908,729.051,749.5465834917076
2006,2422.1804,2106.3071962579124
98,4363.6532,3861.5814855031813
7140,753.0198,1016.0628498459184
1003,713.0718,647.062531276692
3162,683.1108,661.177187984551
4376,195.7452,245.21393651272368
3930,3159.8868,3911.0964703591185
5973,1348.245,1476.7490386200477
4276,1803.6522,1532.779099053848
6789,5932.278,2902.413597517327
8116,71.9064,166.71724397516664
2030,2270.378,1598.2281683967292
3484,303.6048,369.22726108323513
233,2603.278,2429.2364365686103
4511,5773.1518,3032.7343232265
852,2691.8294,3769.4566757845228
1364,476.047,663.6649404861274
257,193.082,1578.8341865798338
5809,2460.7968,1590.1099336515188
3810,121.8414,281.4302688626121
379,4274.436,3869.968947675352
7273,412.796,264.54962365133844
6787,4625.9784,4044.933057723654
2645,3006.087,2126.9251160306358
1589,4950.8888,3909.0397291991762
5198,529.311,2844.7861552251
3909,2184.4898,2070.880802726297
8236,510.0028,557.2980481498205
888,2620.5888,2646.1337574261506
5175,981.3892,762.108754752999
1580,319.584,1010.7317872815122
4109,2297.01,2435.6705911002155
4238,1018.674,1013.9670452718358
140,1402.1748,2433.87354338715
6770,3942.8676,3013.876986945434
4098,1182.4608,3015.0499483786552
4394,937.4464,3756.222514916212
543,1398.18,2100.4811682252603
3412,1168.479,1358.4626581477614
3043,1569.9564,1463.1975071710951
6696,6474.2392,5705.078003711821
6565,296.9468,366.20572874722586
2563,2127.8968,2953.4521508378157
4824,5683.2688,4051.4458285658866
6335,2616.594,2875.3288056214597
6164,4866.998,2343.180409892863
6095,316.9208,376.8004661198481
4972,355.5372,1895.4502394506019
3535,2994.7684,3852.6498319204875
7490,607.2096,826.804779131174
49,780.3176,546.4539556582654
7475,1685.8056,2106.3071962579124
380,5375.0034,5705.078003711821
7192,1267.0174,1893.1464144352146
4773,3131.9232,3013.478272744369
4088,1629.8784,1588.7445173251547
2849,6196.6006,3882.447318408387
6750,3094.6384,3821.8100721270816
2488,3142.576,3009.499219276911
3812,2972.1312,2655.3236648531374
916,895.501,420.0117895755455
2539,5259.82,3836.5600803681964
541,231.6984,1335.1852607454362
7275,2922.1962,2433.87354338715
6192,922.7988,2433.87354338715
5373,3819.0288,2489.742416102779
1657,75.9012,644.3135005437431
273,5829.7448,4051.6066789739166
7086,392.822,546.4088725568608
2337,61.2536,208.9077529754265
2607,3542.056,3011.6118480434375
3299,5396.9748,4069.282115439013
2631,1510.0344,4020.5917114022664
3776,4349.0056,3011.6118480434375
4153,225.7062,557.2529650484158
4557,2162.5184,1163.6197147217729
5378,1065.28,3843.809779418069
6000,7393.0432,5705.078003711821
7564,802.9548,716.4525111493685
1035,2190.482,2465.7684567249057
8440,2960.1468,2638.7486124616175
6539,3281.0624,3875.64227436733
3434,3778.415,2433.87354338715
5233,3751.783,1609.3541937860382
4061,428.7752,272.8778003038614
44,373.5138,2015.9332514839314
5022,120.5098,281.14500042508587
5085,2916.204,3970.1253778161463
3007,3439.5228,2109.12957740571
7336,1830.95,2719.47351649959
2434,2006.7212,1564.075334597696
2580,3629.2758,2460.489566375189
4559,351.5424,411.1835399900572
5615,2375.5744,2418.1493823651635
7019,2466.789,2081.2963190266414
4574,2303.668,1895.4502394506019
4589,1543.3244,667.7106272190014
7801,2432.8332,2871.4919910851772
8255,2696.49,1563.206995220178
7646,790.9704,660.2585232478696
6132,5438.9202,3933.9914811741805
5663,1174.4712,1563.206995220178
3637,1166.4816,782.6831852708232
2966,143.8128,347.62533580686636
6577,761.6752,1560.8767882959073
6261,4288.4178,5705.078003711821
4083,1216.4166,4538.923538202874
4415,5219.872,3013.876986945434
2643,5976.2208,3909.5775383030746
1132,1901.5248,2460.489566375189
5686,856.8846,1563.206995220178
7491,3175.866,2884.742172406147
938,89.2172,204.5024455689663
7453,509.337,1011.6822827102436
6510,3251.1014,2875.3288056214597
234,605.878,765.1987772295817
722,1780.3492,2024.9071358693045
187,778.986,2070.880802726297
3526,473.3838,872.7323728043579
4699,6831.108,3930.0722003708584
2793,1837.608,1403.3697840588932
6198,3214.4824,2999.9093889405935
2650,2524.0478,2418.1493823651635
7761,1403.5064,1477.6217955080406
3112,886.8456,1563.206995220178
635,5087.3778,5356.463629148597
7677,2045.3376,3845.7388033459933
4413,3900.9222,2418.1493823651635
4937,3658.571,1605.5208251686229
5645,2077.296,2860.2014206473414
1034,75.9012,169.201409257816
3326,3478.805,2998.0063996400086
1103,5350.3688,2981.7626609147874
6440,1113.2176,992.8013755401489
2578,2648.5524,2418.1493823651635
394,3259.7568,3011.1999593784294
4994,2292.3494,3804.014354135625
787,129.1652,198.20367424950794
2152,2348.9424,2027.239395357527
5105,1230.3984,1600.4387255382221
3379,727.0536,974.9179297959128
4800,488.6972,557.2529650484158
5276,2055.3246,1563.206995220178
6608,691.1004,1895.4502394506019
7114,3174.5344,3015.0499483786552
6423,569.259,2984.494123518352
5840,1446.1176,1992.808308498179
3766,5267.8096,3791.024639480541
5575,885.514,1479.8813034854227
3779,3563.3616,2423.437888011692
5977,8474.3024,5705.078003711821
7052,3675.216,3863.4696835911554
1082,1584.604,1749.2162144747988
7917,743.0328,1510.5600322078483
5836,3271.7412,3753.344967835997
3976,1592.5936,1260.9674229156992
1783,2364.9216,2418.1493823651635
1414,3420.8804,5705.078003711821
3724,5000.8238,4511.843875769507
5605,1607.907,3852.804857892435
2509,2960.1468,2626.155465330548
2067,1518.024,2425.075946794511
2774,1419.4856,1623.675055371687
6630,173.108,197.6578045360332
1817,4410.2592,3015.0367739147123
3805,2182.4924,3042.917741005149
2081,392.822,535.0199047026788
7551,3229.7958,3915.2088049263093
5173,2302.3364,2896.271468113019
3714,5299.768,3838.3581243132153
692,4974.1918,4223.533619253003
1235,3235.788,2554.5350208963882
5770,2388.2246,2108.949906568316
642,3246.4408,2116.7561936306483
7419,2444.8176,2418.1493823651635
3315,2956.152,2908.756910876697
3679,2695.1584,2007.0057311038045
38,388.1614,654.5558323132332
7813,109.1912,206.8288735779747
5155,354.2056,412.74587668104755
8405,124.5046,281.546423122658
1180,2190.482,2433.87354338715
1022,352.874,411.1384568886525
7538,1817.634,2899.682134913763
8284,197.0768,245.21393651272368
7975,922.7988,1354.3497218106747
1332,1957.452,2619.4580577484867
5873,2422.1804,2116.7561936306483
2189,5243.8408,3934.566604576388
1386,3691.1952,2110.141764806804
147,1597.92,2554.5350208963882
8244,3964.839,4066.776940512069
7158,5592.72,3692.511766532785
4520,2302.3364,1986.6075167146992
3769,3567.3564,5326.839948222295
5470,1791.6678,1342.4735455378554
7898,790.9704,557.2529650484158
8441,777.6544,1563.206995220178
4919,341.5554,1872.589493126761
196,992.7078,775.7698746166349
5367,2596.62,2843.2144795908143
1456,351.5424,1474.4902334472333
277,450.0808,1724.4389394302098
1830,1468.089,669.6074337625381
2172,697.7584,411.1384568886525
3266,5752.512,3849.3938380503964
1379,5816.4288,5705.078003711821
4844,102.5332,263.1036169671345
6799,459.402,3985.8666819559758
7782,2345.6134,2933.6482619935773
2843,2796.36,3930.8114596960445
1283,1581.275,1083.0805462835808
3375,352.874,411.1835399900572
5739,2087.283,2984.494123518352
5937,312.926,369.8236794007777
3180,1524.0162,557.2529650484158
7671,1078.596,658.8550401297563
8210,3435.528,3860.2843729943315
2417,3731.809,3013.890161409377
7299,3352.303,2884.330283741139
958,1973.4312,2706.501339761683
6956,2125.2336,1579.1378053836293
3740,91.8804,169.22344480536205
3079,497.3526,1094.2212705523248
5167,683.1108,1877.2830186158128
839,2857.6136,1563.206995220178
39,2180.495,2340.888164400291
7852,1342.2528,1560.8767882959073
4881,2792.3652,2444.370465446415
6258,2512.7292,1366.1038656687356
7427,884.1824,557.2980481498205
3603,330.2368,408.4689111502979
7648,1070.6064,1453.6591588760996
462,1787.673,1895.4502394506019
4065,1845.5976,2757.665379981046
982,384.8324,529.8004081157408
6296,247.6776,281.5143625034361
641,6611.394,3663.0341003508433
454,2683.174,1524.9596927353407
20,3775.086,3789.3161745768784
8401,1395.5168,1473.1737814689518
8283,1845.5976,1474.4902334472333
3639,390.1588,535.0199047026788
244,3225.1352,3824.0149625657396
2984,1257.0304,2437.959884962457
6154,3874.956,3009.486044812968
3978,882.8508,841.8594921534336
4609,1049.9666,987.4783744920384
6039,1757.712,1152.2931813471396
882,300.9416,366.0895744871799
3443,1150.5024,773.4358362613965
7632,41.9454,168.65083441847543
4967,3146.5708,3011.1999593784294
3634,1601.249,2007.0057311038045
4060,5609.365,5705.078003711821
651,229.701,169.77401964470263
1852,874.8612,751.0634111536715
162,3315.684,3822.264927378629
7043,992.7078,2126.9251160306358
4240,1518.024,3013.876986945434
6163,1957.452,2108.949906568316
5863,2387.5588,3753.6536951036496
304,7696.648,3739.960393925042
4853,2852.2872,2523.4231840663815
7311,1494.0552,1511.6373302995437
7398,1494.0552,1524.9596927353407
6866,647.8234,1552.967137307793
6943,325.5762,1609.3541937860382
1085,5173.266,4538.923538202874
7496,2868.2664,3737.2349234644016
5165,2954.1546,2870.332204115899
2457,5099.3622,3733.649887418979
8008,2743.7618,3849.8609421552455
2813,113.186,275.49245300585324
2214,2936.178,3012.7716350127157
1168,2519.3872,1888.2145383298907
8070,868.869,1563.206995220178
6148,2740.4328,3011.1999593784294
8253,2896.8958,2433.87354338715
6913,325.5762,1609.3541937860382
6340,3123.9336,3008.1371831085667
8003,1342.2528,3011.1999593784294
1261,2681.8424,2108.949906568316
296,583.2408,772.5957103017823
229,3101.2964,5125.978639327213
2241,856.8846,1196.4865225030796
4407,587.2356,1563.206995220178
221,1416.8224,1466.9048466511065
6982,5073.396,4029.464605644981
6688,5888.3352,4652.773838702163
1411,928.791,1246.1026521358838
2549,6381.693,2108.949906568316
4123,4082.6856,2345.6620751365776
5435,2127.231,2339.467073691499
2076,2516.724,1998.576660119844
7886,1857.582,1600.4387255382221
3840,1559.9694,2156.1229073072277
4068,1761.7068,1563.206995220178
5972,549.285,471.11976126631447
7176,2037.348,2795.491301717613
1091,2503.408,2465.7684567249057
7138,652.484,766.1304971090672
8141,452.744,1013.9670452718358
2250,458.0704,1879.8057194840462
4977,2446.815,2621.543609596714
5518,2463.46,1566.1750788618613
6481,2716.464,2537.305175531606
6605,1125.202,673.3617954305286
4328,5690.5926,2871.903879750185
8153,1719.7614,3012.7716350127157
6289,2247.075,2418.1493823651635
2676,4134.618,2933.8239710069506
4582,3495.45,3917.2230571991067
5399,2802.3522,2001.5460919161044
8412,2203.798,3701.662284692749
5599,429.441,292.6373190688709
4076,2450.144,1562.5608600904907
6436,3506.7686,2427.7422130381324
3636,6338.416,3013.465098280426
841,178.4344,215.19817219452216
3528,3872.9586,2999.4975002755855
1547,829.5868,1014.073941213941
6724,1454.1072,1918.4221282017604
6853,3098.6332,1918.4221282017604
8046,392.822,3011.7643581789075
1029,1198.44,1372.9810088231598
7766,1707.777,1879.8057194840462
6670,264.9884,557.2529650484158
8148,3142.576,2999.9093889405935
7355,80.5618,167.8067976439215
4900,3439.5228,2652.831165008212
6428,1808.9786,2663.0563587460547
5498,309.597,1602.440372794777
7533,2572.6512,3013.876986945434
7994,3593.3226,2874.1690186521814
3910,1621.8888,2948.786725699228
2568,659.142,657.9710876072163
2644,884.1824,1009.6698713967661
733,1807.647,1926.7197468498434
4105,5522.811,5705.078003711821
5694,1435.4648,2027.239395357527
6512,2841.6344,2027.239395357527
6590,3691.1952,2435.6705911002155
5558,6624.71,4040.593587681209
1750,5956.9126,4072.2059731724494
836,145.8102,167.85109597441203
2528,6503.5344,3015.7434116463655
4831,858.882,2181.284508218017
5006,1701.7848,2106.3071962579124
7489,614.5334,755.4962371374065
2866,250.3408,282.53297616869133
7154,3835.008,3710.0732198064693
683,1488.063,1563.206995220178
499,1298.31,2027.239395357527
388,717.7324,1079.665723080295
6101,2999.429,2884.330283741139
3311,1346.2476,3911.2665765774
6380,3755.112,3007.2209059109714
8404,153.134,198.25754404621338
119,1141.847,3847.705777675672
158,1701.7848,2108.949906568316
6968,755.0172,1512.283500731951
3986,4250.4672,1879.8057194840462
5962,1641.197,1563.206995220178
6693,1957.452,2075.345273299585
1044,6048.793,3877.795321394614
3964,2077.296,2061.130381274169
6059,3704.5112,3165.598566149698
4301,3295.71,1566.1750788618613
7733,467.3916,644.3135005437431
7868,2542.0244,1619.2135436310436
6837,4165.2448,3962.680008931985
3975,892.8378,1578.8341865798338
6099,567.2616,339.703886487194
7276,1537.998,1584.1117793322562
1422,852.224,1511.2713133308578
4561,2183.824,1619.2135436310436
6183,3509.4318,2720.183012782709
1644,153.7998,370.5925139671333
2480,782.9808,535.0199047026788
2877,3165.879,3839.2738689850507
2491,109.1912,274.9087397365014
1831,1733.7432,2181.284508218017
6464,2195.8084,2027.239395357527
6141,4460.86,2887.0073113081435
7016,8062.838,5705.078003711821
1240,3415.554,2944.404965113979
2542,1211.756,1473.0873760545312
4225,233.03,557.2529650484158
6372,2846.295,2427.7422130381324
4220,1571.288,2465.7684567249057
4418,2530.7058,1898.199310824191
7542,785.644,1497.7455129699174
7198,3981.484,2433.87354338715
2041,633.8416,666.1059048173125
2223,188.4214,506.88796431800665
3852,1073.2696,1477.6217955080406
1142,3747.1224,4619.080653493529
5139,988.0472,654.5558323132332
7833,4482.1656,2958.0843359945093
6673,1006.6896,4511.843875769507
532,95.8752,170.07267036929596
3222,852.224,1500.8530497551342
3581,1006.6896,1862.6064449933212
6043,677.1186,3867.0272464154887
7004,870.8664,2418.1493823651635
4013,4857.6768,3875.64227436733
422,3415.554,3950.578471515004
7899,377.5086,946.8754536232103
1373,5426.27,3837.244355539586
22,1587.2672,3016.1553003113736
495,2336.958,2884.330283741139
4781,2784.3756,2665.787821349619
4270,2360.9268,2091.859569216996
7680,419.454,1447.7856592425087
1718,563.9326,781.3895147423215
1683,990.7104,2655.2208503619067
6415,126.502,198.20367424950794
6079,341.5554,652.5401548438643
3744,4334.358,2343.180409892863
2388,1004.0264,3776.4494369614736
6024,171.1106,409.45847465303035
6619,2316.984,2983.334336549073
8487,4111.315,4462.995041935581
144,905.488,975.2343962165858
3972,1895.5326,2418.1493823651635
574,37.9506,166.71724397516664
4018,3392.9168,2061.130381274169
6526,2145.2076,5705.078003711821
4873,4302.3996,5705.078003711821
5968,4996.829,3976.8618896377952
3706,4452.8704,5705.078003711821
3648,3257.7594,2458.8445826554134
3239,3693.8584,3011.6118480434375
1066,2633.9048,1879.8057194840462
167,1743.0644,2009.6763276109507
5318,540.6296,657.9710876072163
1869,1518.024,1588.7445173251547
1666,512.666,773.3879660105695
8265,4026.7584,2425.075946794511
526,283.6308,2106.3071962579124
2931,196.411,535.3542117663419
1112,1544.656,1477.4118539293297
8004,2446.1492,3881.944624000247
4872,2940.1728,3012.7716350127157
6711,3563.3616,2418.1493823651635
2632,1629.8784,1600.4387255382221
987,5061.4116,3737.0704676231644
6561,1030.6584,2871.903879750185
1122,1125.202,1464.9512629450446
989,5518.1504,4521.698146367209
776,857.5504,1609.3541937860382
274,2082.6224,1512.6087449640306
7376,2399.5432,2110.8221075508595
8368,1800.3232,1879.8057194840462
33,2174.5028,1500.7982981335977
5379,926.7936,984.2003426931233
5253,5645.984,2856.0527722467755
1478,4211.185,4511.843875769507
6376,2651.2156,2001.5460919161044
2328,1120.5414,1119.0910237126882
8327,3012.0792,1562.0684501261726
8101,2189.1504,3013.465098280426
8192,2908.2144,1705.333366874334
3664,1318.284,1466.9048466511065
3849,1525.3478,1075.7660516082653
2270,695.0952,1895.4502394506019
6757,2807.0128,2661.5874976029986
1656,3455.502,1879.8057194840462
4364,1411.496,2884.330283741139
152,2768.3964,2986.7724368842914
4902,2290.352,2108.949906568316
8193,2656.542,2024.9071358693045
7588,1845.5976,1598.2281683967292
7484,671.1264,3897.6733312009096
487,75.2354,199.62348051336906
5476,193.7478,210.60300140586745
2420,998.7,3999.4143134308765
2894,1384.1982,3015.3940761633335
3583,5660.6316,3776.94259334546
1070,952.7598,654.5646703689586
134,952.094,2983.334336549073
7575,641.8312,4254.824254087881
1454,107.8596,206.64558177468024
5871,129.831,287.0540633642946
5864,1201.769,1083.2030916870085
4512,383.5008,1097.4640099264896
3053,34.6216,169.25240299263794
7286,1102.5648,1113.2225079316645
5397,61.9194,209.13367663437123
6970,1416.8224,1267.69360157459
2560,1609.9044,2007.0057311038045
2026,3425.541,3782.072590557395
6578,1418.154,1556.206275259351
3069,1736.4064,3857.3523610596935
318,3877.6192,2418.1493823651635
4189,3238.4512,2791.512248250155
5306,1054.6272,1474.4902334472333
3391,2376.906,2106.3071962579124
1121,593.2278,1292.3999538774108
6576,1034.6532,411.1384568886525
2899,2709.1402,3772.5413839259877
7082,2801.6864,2867.924826282727
5268,1323.6104,3011.6118480434375
4323,978.726,775.5585393483352
6096,1747.725,1895.4502394506019
1643,1198.44,2418.1493823651635
6614,406.138,664.8230581432204
2134,490.0288,2001.5460919161044
1382,639.168,685.9958470333174
5061,402.809,1464.1197822220454
6124,1062.6168,1472.3578001912883
5455,982.7208,557.2529650484158
4425,998.7,1568.5063548123633
4355,4327.7,3854.482091044221
509,95.8752,243.77343534454897
3671,2036.6822,1609.3541937860382
6900,4314.384,2888.907797653675
3286,8138.7392,5705.078003711821
7951,4218.5088,3880.300496321558
7245,517.3266,411.1384568886525
2453,1325.6078,1900.5255551569792
6906,6454.931,5125.978639327213
971,615.1992,978.333960261817
313,1677.816,1158.7343659383205
7871,1677.816,767.5367794827024
3202,539.298,950.2454909389521
5759,784.9782,557.2529650484158
5583,3520.0846,3800.9354704302427
4858,1607.2412,1499.9506773658309
7248,1289.6546,1566.1750788618613
7802,1444.1202,2570.5734213119167
8220,2621.9204,1998.576660119844
558,2876.256,3012.7716350127157
4904,4673.916,2465.7684567249057
276,7452.9652,3847.938479169847
1540,716.4008,420.0117895755455
7511,3111.9492,2664.216145715333
3474,755.0172,281.88369265302447
4139,394.1536,771.4719983254304
1984,4086.0146,3946.70616530911
2285,3202.498,1998.576660119844
2615,7201.2928,5705.078003711821
3891,1358.232,1879.8057194840462
7784,2681.8424,2100.4811682252603
6444,3844.995,3844.523676779129
6308,691.1004,557.2980481498205
1942,3105.957,3708.1065876780963
2569,4402.2696,2425.075946794511
1977,2713.135,2936.5485017492965
1220,2884.2456,2423.437888011692
5601,3113.2808,3839.510849864046
8499,2976.126,1566.1750788618613
3182,1142.5128,1552.3582998935576
2381,4374.306,3975.5008227585627
2585,4225.1668,2936.5485017492965
6390,4434.228,3703.1765922315053
4887,1749.7224,2418.1493823651635
8066,4171.9028,2593.875816021115
286,296.9468,364.7021676468435
994,2982.784,2425.075946794511
2586,139.818,167.85109597441203
4753,3793.7284,2858.629745013055
1952,554.6114,1335.534853583824
7984,1245.046,1742.0712223686805
7356,974.0654,1560.546507826243
5904,517.9924,4074.7111480993935
72,4604.6728,2661.5874976029986
519,5344.3766,5705.078003711821
5081,1342.2528,1563.206995220178
4978,1784.344,2887.0073113081435
7150,4407.596,3736.5554583183216
548,2094.6068,1563.206995220178
2888,2167.179,1598.2281683967292
7428,1845.5976,1605.8796984334317
1892,1583.9382,2001.5460919161044
8007,262.3252,557.2529650484158
6702,1179.1318,810.9292112696428
5356,1158.492,2995.5184468081275
1955,1514.695,1895.4502394506019
5362,1006.6896,1749.2162144747988
7667,2253.0672,2007.0057311038045
2190,934.7832,781.7095699013449
5564,751.0224,1083.0805462835808
3711,1619.2256,1579.1378053836293
1675,2007.387,758.2391472827192
6257,1342.2528,668.4850896830718
842,1470.0864,995.4933534121966
247,974.7312,2652.3568250384606
8025,207.7296,175.1743670301077
8516,858.882,1015.3931816249709
4110,2621.9204,1895.4502394506019
3573,1518.024,2429.2364365686103
2217,2428.8384,2433.87354338715
7779,1258.362,1560.546507826243
4339,1114.5492,2009.6763276109507
5553,2456.802,3967.5666151712385
6285,2902.888,2394.274876051112
5335,339.558,645.2327359828255
3993,529.9768,557.2980481498205
3485,666.4658,809.40254043603
3996,110.5228,274.6555638469589
2565,3844.995,3011.6118480434375
4999,2324.9736,3936.5502438190883
6934,2616.594,4038.088412754265
4770,253.004,281.76753839297857
3083,7534.1928,3011.973997644849
725,918.804,668.5966037713141
2682,3531.4032,2418.1493823651635
7922,801.6232,1133.3988399099048
1741,614.5334,767.8158135719199
6721,1573.9512,2086.797033827241
6897,3261.7542,2126.9251160306358
779,597.2226,772.1885453069434
50,3134.5864,2343.180409892863
4696,2534.0348,3935.018744454241
7639,123.173,280.7756702754975
7978,3350.3056,3001.775813641525
406,5770.4886,3862.0347400880287
4234,3379.6008,3012.305311311148
5514,3880.2824,2012.7875510240278
4034,107.8596,272.8778003038614
6652,715.0692,1895.4502394506019
2655,2066.6432,2061.130381274169
2141,5294.4416,5326.839948222295
6291,441.4254,654.5558323132332
6519,2504.7396,2070.880802726297
2617,1522.0188,2728.817569317436
6784,610.5386,1419.1130612234024
3465,1518.024,3012.7716350127157
156,262.3252,2089.4900040985294
8502,3020.0688,3861.9967487910285
2795,308.9312,370.07685529032017
6627,343.5528,409.45847465303035
6518,2259.0594,3892.146835837262
578,4655.2736,3895.85294625862
4302,3338.987,3013.478272744369
8096,1163.8184,1024.66833559486
2948,3868.9638,2908.756910876697
4004,4327.7,4521.698146367209
2872,796.9626,669.1425640532997
2653,4195.8716,3009.2969700778444
8111,363.5268,997.0661833980994
1308,343.5528,1877.2830186158128
317,452.744,557.2529650484158
5587,1231.73,774.493828278687
5817,596.5568,654.1993816281323
7573,3435.528,2416.0653228244164
2958,3350.3056,3016.1553003113736
1812,1597.92,1570.8798500747403
7785,3146.5708,2999.4975002755855
2531,2087.9488,2418.1493823651635
4627,4727.18,3011.6118480434375
7289,1651.184,1600.4387255382221
4957,298.2784,199.62348051336906
6418,185.0924,233.5499455096848
188,2336.958,2927.9596464081264
2004,4777.7808,3031.628971293781
4235,494.0236,655.0082585606635
5129,3427.5384,2460.489566375189
217,260.9936,557.2529650484158
2405,2109.2544,1885.811579761746
5168,282.2992,657.2218640118823
3753,3998.7948,2953.4521508378157
1978,447.4176,1053.1366297173831
4226,476.047,1560.0346265916244
5992,3243.7776,3925.477523045176
6005,1693.7952,1609.3541937860382
2767,185.7582,505.3418449023507
2760,2588.6304,2116.7561936306483
4160,1938.8096,2418.1493823651635
4338,5704.5744,4015.2806436719566
1334,4098.6648,1609.3541937860382
1597,1893.5352,2523.4231840663815
7482,3467.4864,1879.8057194840462
8335,708.4112,778.215732991259
1833,1985.4156,2116.7561936306483
7970,2157.192,2517.4328118368576
1514,3368.948,3855.6355333567976
2887,6359.7216,3781.626772965773
2423,1225.072,1080.7571866199128
6035,88.5514,216.41133109707954
7301,3728.48,3015.0367739147123
1063,568.5932,660.5843046435672
4912,4853.682,2883.1704967718606
1172,2251.7356,1926.7197468498434
8105,1155.8288,1362.8877758692447
2929,4604.6728,3968.1589145901985
7323,1188.453,3994.117018715663
1972,1120.5414,1097.4498498415192
1768,1398.18,1594.4254574831139
122,186.424,232.51177260627745
4488,1406.1696,1389.5370915305612
1529,3749.7856,2875.3288056214597
1621,3755.112,3013.876986945434
7278,326.242,403.40520293660114
4942,2221.1088,3011.1999593784294
1928,1897.53,2009.6763276109507
2890,2846.295,2983.334336549073
1087,1522.0188,3900.838029176718
5036,4094.67,2644.5620817918652
8437,2596.62,1566.1750788618613
6129,1693.7952,657.0909913307046
294,5499.508,5697.972442270783
7132,2449.4782,3011.6118480434375
6197,2526.711,3878.4680896628183
7870,1480.0734,2653.2776492491
5439,1581.9408,1024.66833559486
8438,3034.0506,2181.284508218017
1642,211.7244,269.05822816091074
1234,872.198,1420.3448745850608
1185,822.263,407.779062275008
3046,295.6152,365.071497796432
384,3523.4136,2070.880802726297
3756,5552.1062,2864.426791816206
7476,1494.0552,1453.4584653689599
2663,102.5332,264.9189538009269
4982,3367.6164,3008.7925815452577
4987,455.4072,369.22726108323513
684,5159.2842,3008.7925815452577
8022,5812.434,2999.4975002755855
4085,2120.573,2642.2969428898687
7110,2644.5576,3728.133790752094
1533,1943.4702,1478.5635577679477
451,1816.3024,1417.5830784678976
4237,1404.1722,1124.4523301129689
2640,1288.9888,2575.5065222858307
1376,1151.1682,2638.5012238723803
1914,515.3292,203.09926776379794
5866,6636.6944,3888.191556277071
2980,3101.2964,2945.6536189463864
1490,486.034,557.2980481498205
4629,447.4176,2423.437888011692
5777,335.5632,770.7786426184726
4030,1318.284,2075.345273299585
1811,468.7232,1012.5884564172178
2038,1470.0864,3011.1999593784294
6159,697.0926,557.2529650484158
5313,750.3566,1609.3541937860382
6134,8217.3036,5705.078003711821
1536,2320.9788,2653.7519892188516
2604,3956.8494,3011.6118480434375
5598,1882.2166,2814.9034666984044
396,3707.1744,3951.31773084019
8376,3717.8272,3953.822905767135
6157,583.2408,1578.8341865798338
14,1977.426,2995.5184468081275
5546,1980.755,2944.404965113979
1900,4566.0564,3859.9470743430247
2475,361.5294,281.3981763146283
7343,8209.314,5134.805041527201
6939,886.8456,1124.2657573553727
7658,826.2578,767.5367794827024
4092,647.1576,2619.8801558768228
4857,722.393,1598.2281683967292
5603,169.779,409.45847465303035
4178,653.1498,3855.6992224599085
7160,1318.284,1554.4907331495028
8407,575.2512,2116.7561936306483
6752,882.8508,2418.1493823651635
4716,3182.524,2554.5350208963882
90,369.519,281.02884616503997
5421,2149.2024,2886.5954226431354
5326,3950.1914,3791.024639480541
5632,2852.2872,2556.106696530675
5354,272.978,206.8288735779747
8167,1857.582,2004.6044051259637
3126,2090.612,2929.9596778724313
6020,1218.414,1360.1103162635313
3050,3761.77,2418.1493823651635
3490,1687.1372,3790.4384357917866
6669,1670.4922,2015.9332514839314
4948,1981.4208,3957.547489823243
6047,1488.063,1578.8341865798338
15,1547.3192,1061.9511502408234
1315,1413.4934,2063.4811584112995
8484,2324.9736,2066.3945348118255
2693,3408.896,4511.843875769507
5183,2458.1336,2983.334336549073
6413,447.4176,1083.3896644446045
5296,3159.8868,3855.6355333567976
5248,3709.8376,3908.9890240793616
6271,3463.4916,2998.3377133063077
1357,2428.8384,1566.1750788618613
2429,2797.6916,4034.9477677055106
7349,485.3682,978.413637077308
2364,4793.76,2556.106696530675
4502,158.4604,384.2232131664564
4542,3835.008,1992.808308498179
3493,535.969,1616.897231222852
5095,331.5684,274.9087397365014
5178,1539.9954,2844.7861552251
794,505.3422,769.3315722473717
6618,1677.816,2999.4975002755855
1633,3861.64,2999.9093889405935
2804,2316.984,3015.0367739147123
3413,1717.764,2116.7561936306483
8184,4731.1748,3994.155689655525
5451,1134.5232,1556.206275259351
8271,2548.0166,1132.8790624731291
2613,211.7244,264.66577791138434
4891,6608.065,4040.593587681209
2351,1761.7068,2015.9332514839314
7313,3068.0064,1292.1378367775153
1722,1197.7742,2839.235426123356
6046,848.895,1025.8867293697901
2178,1607.2412,1574.9478002983626
8430,4042.7376,2988.357310600474
7010,5591.3884,2418.1493823651635
5900,3994.8,2489.742416102779
6070,1334.2632,1705.333366874334
2812,617.8624,1348.3727285604875
1865,2328.9684,2929.9596778724313
6679,4979.5182,5242.749155295405
2933,3119.9388,3064.186606602091
1651,109.857,167.27848558752538
356,3163.8816,2116.7561936306483
7330,2285.0256,1563.206995220178
4523,3374.2744,2953.4521508378157
3025,284.9624,294.6186939959284
6317,4466.1864,2828.14112401795
2412,4845.0266,4023.4134881412274
4216,1747.0592,3896.3610896990685
3243,777.6544,767.5211504026779
5134,1470.0864,1551.779951738288
7055,4103.9912,2905.9087153187575
6473,353.5398,666.1059048173125
1705,6524.84,3770.5183683363953
6727,1211.756,1998.576660119844
4193,2716.464,2944.404965113979
6951,1470.0864,769.2257162603906
6354,307.5996,370.5925139671333
5740,5321.0736,3017.315087280652
7442,343.5528,980.6983996389001
5927,1488.063,1566.1750788618613
5366,111.1886,274.6555638469589
3160,2175.1686,2092.7510923281584
6551,2609.936,2692.5686362832976
42,2527.3768,3012.7716350127157
4616,3323.0078,2116.7561936306483
3374,3739.1328,2460.489566375189
2162,1312.9576,1341.2743957910795
2396,3073.9986,2554.5350208963882
3042,2137.218,3864.539915014973
2892,1576.6144,1563.206995220178
5057,114.5176,195.14437113892254
8077,1696.4584,2089.4900040985294
3609,209.727,660.6800205384392
5415,3629.9416,2015.9332514839314
369,1230.3984,1705.333366874334
5079,669.129,735.3671811502276
5478,3124.5994,2644.3795426058227
2260,2070.638,3716.043499557925
6109,1655.1788,1351.548025247139
3000,2145.2076,3957.6316383654416
6292,1457.4362,2091.859569216996
844,6515.5188,3904.3773973072234
7171,3728.48,5303.98742034951
6759,1366.2216,1879.8057194840462
6699,753.6856,505.3869280037553
2519,982.055,660.3791621173658
6502,568.5932,662.0347150760454
8388,2155.1946,2655.3236648531374
5673,3243.7776,3818.373124824854
1788,145.1444,347.62533580686636
7584,4567.388,3980.0062585979945
3093,5681.2714,3972.9956478316185
4498,5229.1932,3904.3773973072234
4059,1097.9042,1083.2030916870085
3433,427.4436,2106.3071962579124
633,437.4306,365.32467368597446
4734,2302.3364,4462.995041935581
3488,420.7856,272.8778003038614
629,1640.5312,1598.2281683967292
125,868.869,1563.206995220178
5969,6897.688,2999.9093889405935
719,145.8102,773.9917633980788
200,745.696,1602.440372794777
2755,3275.736,1724.4389394302098
8308,3193.8426,3871.6125048683903
6162,645.826,283.23209555560186
5193,5394.9774,3667.0364921951386
8319,4210.5192,3906.3400920547697
8048,1098.57,664.5836052228087
1595,1288.9888,1371.9195257297097
1997,306.268,1494.62724550735
4017,539.298,1030.4134978518484
521,314.2576,375.336730744684
2551,1120.5414,1599.0581954760128
1654,5522.811,3997.622034244357
8087,6199.9296,4053.951003492831
5554,1347.5792,2001.5460919161044
7618,974.7312,661.967755020351
7628,2163.85,3839.7437060304487
5723,458.0704,977.5239950796416
3564,1667.1632,3806.5195290625693
1437,6018.1662,3997.622034244357
4823,2376.906,2792.617600182873
1733,814.9392,1584.1117793322562
8506,3944.865,3812.111921124027
3790,2109.2544,2887.0073113081435
7581,167.7816,192.6785082735341
1284,3014.7424,3013.876986945434
5758,2519.3872,1895.4502394506019
1259,169.1132,409.45847465303035
6651,1973.4312,1609.3541937860382
737,1470.0864,1998.576660119844
7467,850.8924,2116.7561936306483
2590,842.237,637.7401220907215
7687,2069.3064,1563.206995220178
1278,1917.504,2467.578665241877
2658,3672.5528,2047.4212844392353
6288,958.752,1609.3541937860382
704,2756.412,2433.87354338715
8262,3271.7412,2015.9332514839314
8176,809.6128,1566.1750788618613
3207,2606.607,1556.3087585122307
295,925.462,1560.8767882959073
6395,2871.5954,2418.1493823651635
2747,261.6594,1554.0640856784275
3896,622.523,281.88369265302447
2921,2093.2752,2871.903879750185
4096,1263.0226,2913.6321209541434
6889,952.094,1563.206995220178
4097,1445.4518,1751.8589046016066
572,2770.3938,2418.1493823651635
3121,3415.554,2939.5066124377563
4848,3146.5708,3015.0367739147123
5422,4604.6728,2873.039713303303
3874,2450.144,2004.6044051259637
6859,3163.8816,5697.972442270783
6174,922.7988,669.502187352732
837,5063.409,2944.404965113979
7943,934.7832,654.5558323132332
1829,122.5072,281.14500042508587
1255,1541.9928,3817.613092404665
3570,1298.31,2070.880802726297
224,2406.867,2610.8854576479453
5716,2324.9736,3011.6118480434375
7279,2501.4106,3011.1999593784294
1845,189.0872,233.18061536009643
8470,1551.314,2435.6705911002155
660,113.8518,648.4348801076419
4157,2141.2128,2919.876313323598
713,1267.6832,2556.106696530675
4252,774.9912,3015.0367739147123
4886,1018.674,1879.8057194840462
2070,181.0976,1559.8818031876922
3925,2936.178,2108.949906568316
8304,1917.504,2569.1798911272076
3510,348.8792,411.1384568886525
444,3401.5722,3965.2387715768923
7678,2876.256,1614.436293416439
914,2311.6576,2121.7017158666645
3552,5195.2374,5697.972442270783
2407,71.9064,168.65083441847543
3234,7503.566,3904.3773973072234
3030,651.8182,1083.0587404745338
2359,897.4984,3748.0496274843144
7359,3900.9222,2009.6763276109507
3464,1414.1592,3722.8989146413373
1563,1898.8616,1029.1007496640834
326,994.7052,2653.7519892188516
3037,894.8352,1149.5026642802986
1140,1637.868,1705.333366874334
5336,3089.9778,3939.5467748712963
834,5443.5808,3001.069175909872
4135,3605.307,2999.9093889405935
4864,4029.4216,1926.7197468498434
5281,6021.4952,4015.2806436719566
3771,862.8768,557.2529650484158
4063,1722.4246,3057.3241292035113
7280,1743.0644,1605.5208251686229
2796,171.7764,196.39551321424295
980,3547.3824,2418.1493823651635
7947,1556.6404,3748.0496274843144
2401,370.1848,490.05244005693413
7364,3894.93,2435.6705911002155
8522,765.67,1282.5272862920835
1509,3078.6592,2918.108988354451
2891,6114.7072,3013.876986945434
2587,4517.453,2985.6126499150128
4976,3630.6074,3012.7716350127157
7274,1627.881,1621.4980856665543
7283,3848.324,3755.0763181455723
4662,2342.9502,1566.1750788618613
8434,4332.3606,2572.1450969462026
3284,428.7752,1609.3541937860382
7971,1267.6832,1334.9646036216152
593,587.2356,675.0653899127105
226,2956.152,2007.0057311038045
4140,534.6374,767.8158135719199
7050,3628.61,2394.274876051112
1363,6165.9738,5705.078003711821
4764,2756.412,3010.0401724091516
7136,2496.75,1409.5934556283285
533,3299.7048,2489.742416102779
5332,101.2016,264.1020504918062
4095,986.7156,2644.3795426058227
7858,188.4214,505.3418449023507
6983,357.5346,281.05926950790496
2385,4101.328,1492.5240474737482
5246,1245.046,1879.8057194840462
5532,2609.936,1486.468272797008
7235,627.1836,1609.3541937860382
8245,7549.5062,4046.928244386712
1499,2577.9776,2643.8686185241545
6707,4681.9056,3015.7434116463655
5810,1039.9796,767.8158135719199
7478,788.973,557.2980481498205
2290,2227.101,2418.1493823651635
6569,7105.4176,3898.4117089035276
685,5954.2494,5125.978639327213
1837,2759.0752,2982.7933834168334
3932,1145.176,980.8052955810053
6329,1351.574,1563.206995220178
4196,852.224,1609.3541937860382
3100,109.1912,272.8778003038614
5483,524.6504,2091.859569216996
1156,708.4112,1566.1750788618613
4941,162.4552,182.12425385428986
3212,181.0976,739.5463304109753
6694,1105.228,1724.4389394302098
6055,3504.1054,3011.562108979841
4410,6636.6944,5705.078003711821
2667,1724.422,753.8863788161079
8140,623.1888,788.1537475825102
6425,463.3968,369.4804369727776
8180,3174.5344,3221.5911227136226
6611,223.7088,206.66947962373266
7155,1581.9408,1554.4907331495028
8190,1304.968,2900.952095821369
5413,6474.2392,3945.8662958911646
5964,988.0472,2116.7561936306483
7202,4225.1668,3736.7287711243616
7760,176.437,411.1835399900572
1813,3681.874,4051.080733477359
2377,5141.3076,3016.1553003113736
5010,2596.62,1579.1378053836293
4536,652.484,709.9324959369422
7873,103.199,264.66577791138434
8241,73.238,188.9515124950209
3850,1464.76,2418.1493823651635
1986,1402.1748,2433.87354338715
1590,435.4332,557.2529650484158
687,121.8414,281.4302688626121
979,1277.0044,2984.494123518352
2516,7590.12,3013.876986945434
6381,575.2512,1556.206275259351
8102,1789.6704,2027.239395357527
8340,5296.439,2418.1493823651635
2303,5660.6316,3861.5263344895125
6875,311.5944,369.4804369727776
5511,4656.6052,2918.5208770194586
1413,1304.968,1549.489007435586
2817,243.6828,675.467144607627
3260,942.7728,2465.7684567249057
7320,3535.398,3000.6160266722472
6098,2804.3496,3846.896452222305
2122,717.0666,557.2529650484158
5495,777.6544,760.4820162238393
5879,4595.3516,4119.288943835152
8231,2693.8268,2489.742416102779
3595,5331.7264,3807.865823230549
409,3195.84,2958.0843359945093
930,743.0328,1042.8059661536527
3743,1677.1502,2429.2364365686103
2805,3302.368,2744.10304289271
4759,1304.968,756.8190001055057
949,2133.2232,2884.742172406147
7001,3799.0548,3838.380746757689
2990,1230.3984,2435.6705911002155
6890,1537.998,2433.87354338715
32,3068.0064,3939.3587524911895
983,1223.0746,1729.5142863875099
1765,3547.3824,5697.972442270783
1888,2984.1156,1749.2162144747988
6074,1583.9382,2004.6044051259637
7367,4068.7038,2984.494123518352
6925,3047.3666,3015.9719741494864
3402,2580.6408,2423.437888011692
311,527.3136,1099.33670281788
6631,442.757,222.15766919203577
1282,1480.0734,2688.7087704237015
65,184.4266,500.5383755318285
7577,2163.1842,1879.8057194840462
5867,439.428,1479.8813034854227
2267,3338.987,3013.478272744369
3623,2972.1312,2647.210868451356
4855,3934.878,4048.82943201283
7099,1823.6262,2663.0563587460547
6816,2395.5484,2832.079430256864
4230,3369.6138,2489.742416102779
2847,1669.8264,1552.3582998935576
3090,2541.3586,3913.7216223457544
6500,1970.768,1566.1750788618613
5858,1369.5506,2015.9332514839314
5829,2687.8346,3894.7169739938663
4459,4427.57,2874.1690186521814
3955,2931.5174,2843.2144795908143
2930,2820.9946,2418.1493823651635
7262,4380.964,3896.8668365120643
514,729.051,779.5960203088907
3551,2352.9372,1030.5967896551429
5189,2700.4848,3642.0917766769767
4631,3083.9856,5705.078003711821
1060,5390.3168,2716.897422582961
3439,1757.712,1405.4758641203664
6616,2111.9176,2636.0331101400075
3270,1150.5024,2015.9332514839314
1277,874.8612,777.2867022785988
7120,567.2616,1563.206995220178
3954,2693.8268,3011.1999593784294
700,1298.31,778.2653673453731
1467,6064.1064,5236.728703837828
176,1010.6844,1504.4522171449048
536,2210.456,3931.4257965305646
3735,1162.4868,2982.922447884066
6276,3884.943,3923.9034440479354
2175,755.0172,2024.9071358693045
5631,441.4254,657.9710876072163
347,3307.6944,3008.1371831085667
1615,3511.4292,3012.7716350127157
2664,291.6204,772.5957103017823
2090,564.5984,660.6282812501402
2975,2025.3636,3833.926791231719
4304,865.54,660.6282812501402
5486,3946.8624,2672.781216196302
4612,527.3136,557.2529650484158
4874,498.0184,557.2529650484158
3449,1964.7758,2433.87354338715
1480,1188.453,2776.810627345086
3705,1235.059,2874.1690186521814
3833,1957.452,2900.952095821369
4842,3036.048,2012.7875510240278
7751,1263.6884,1563.206995220178
1917,2253.0672,2009.6763276109507
7062,2475.4444,3012.305311311148
29,125.8362,169.81364460499674
7401,1640.5312,1025.1836601297198
2262,1922.8304,1566.1750788618613
8266,269.649,1015.9266205447749
8373,2051.9956,2525.3067841784286
6269,4436.8912,4128.4384661990925
6420,6056.1168,3783.732115944551
2579,1584.604,1517.0427675512674
2092,151.8024,367.1170843434634
6441,1341.587,1598.2281683967292
3754,2886.243,2759.2370556153323
7631,495.3552,675.4511847186045
1326,3358.2952,3979.7321596532674
6032,1511.366,2427.7422130381324
7487,4065.3748,2900.952095821369
4136,262.991,557.2980481498205
1526,1258.362,1474.4902334472333
5053,2940.1728,2982.922447884066
202,1701.7848,2100.4811682252603
1578,372.848,644.3135005437431
6535,4165.2448,2962.6624747027595
1425,251.6724,651.8061144358472
6377,587.2356,1566.1750788618613
4576,1955.4546,2884.742172406147
6063,419.454,682.0405230606485
4152,5274.4676,2433.87354338715
771,1687.1372,2953.4521508378157
3611,2004.058,2116.7561936306483
8281,2366.919,3880.300496321558
5917,1709.1086,1599.0581954760128
6884,5816.4288,3931.44718796944
8513,595.2252,1566.1750788618613
5611,4233.1564,4017.7349907757307
210,133.16,655.0082585606635
3291,2770.3938,2418.1493823651635
5772,1895.5326,2416.0653228244164
1150,3038.7112,1614.436293416439
2764,1737.738,1133.99501320787
4273,1733.0774,1564.075334597696
2009,1556.6404,5705.078003711821
7502,1318.284,2089.4900040985294
1645,3057.3536,2984.494123518352
2923,2428.8384,2425.075946794511
7386,369.519,281.14500042508587
6396,4287.752,2983.334336549073
4974,1104.5622,2481.999766488926
6123,1810.976,2925.5522685749547
5380,2768.3964,3915.2088049263093
1143,1593.9252,1879.8057194840462
5787,3866.9664,1885.811579761746
5258,2299.6732,1607.5224724251777
3125,2603.278,2435.6705911002155
7212,3436.1938,4038.088412754265
895,527.3136,3880.300496321558
4962,5834.4054,4031.969780571925
8347,3072.667,3951.31773084019
3601,2527.3768,1563.206995220178
5314,750.3566,1609.3541937860382
1161,509.337,982.3076425859446
1573,4660.6,3951.31773084019
2476,2332.2974,2046.6830049112766
1893,661.1394,3794.672755472356
1961,4119.3046,4667.907278067045
4086,1038.648,2073.2436862098502
2031,2556.672,2875.3288056214597
4492,2436.828,1998.576660119844
4269,4266.4464,3962.410400116634
7431,3691.1952,2217.8835056571024
378,3251.1014,2791.2256870123824
2577,846.8976,2100.4811682252603
7173,1662.5026,2421.1446191615396
2124,215.7192,264.54962365133844
2111,4633.968,3807.5889056674614
4398,2503.408,2433.87354338715
4944,2175.8344,1877.2830186158128
2108,4729.8432,2992.8709325325385
308,1039.9796,1530.6565480188176
7555,2045.3376,3971.2160696620967
1712,3340.3186,1882.581663362899
3156,1725.7536,3781.3565870018124
3935,551.2824,489.3710717033533
2101,1808.9786,2665.4243121392815
7735,4577.375,5236.728703837828
4606,4660.6,3751.5874423991404
7876,2137.8838,2653.2776492491
4041,517.3266,1170.7873355176398
214,324.9104,399.31285284550984
2797,1496.7184,3012.7716350127157
3875,1906.8512,1895.4502394506019
6455,1458.102,1563.206995220178
70,3435.528,2810.601255311509
7544,4847.024,3893.940070750635
5333,4042.7376,2984.494123518352
2088,101.2016,173.60578373029722
6582,767.0016,1034.653583883134
8483,1612.5676,1895.4502394506019
2065,467.3916,557.2529650484158
3618,918.804,749.4616853549618
5869,2994.7684,2948.786725699228
1687,649.8208,1372.9810088231598
4149,1725.7536,1193.9053253502614
7369,950.7624,1402.3575966577991
2470,555.2772,505.3418449023507
6847,3537.3954,2433.87354338715
2308,640.4996,778.215732991259
2071,210.3928,1614.436293416439
865,2157.192,1895.4502394506019
4337,1323.6104,754.3099656076394
6400,155.7972,174.74268070682064
3916,1023.3346,656.0481639369259
6755,1318.284,1447.4572005277453
613,177.7686,1115.1455689827405
467,2067.309,1479.8813034854227
4579,1504.0422,2774.545488443089
7958,3307.6944,2414.1112383392797
802,331.5684,978.2270643197118
8106,549.9508,645.2327359828255
2620,149.805,364.7021676468435
7081,392.822,554.5424017543418
3523,545.956,1621.4980856665543
8060,143.8128,364.5143747304057
2500,3057.3536,2929.9596778724313
4074,4207.856,4051.080733477359
5649,1021.3372,657.0909913307046
4231,2348.9424,3016.1553003113736
3335,2821.6604,3851.9769161172762
6952,139.818,292.0915716958965
3065,1705.1138,2081.2963190266414
7397,2587.9646,2990.4021548687165
6239,656.4788,660.1133211318173
7945,185.7582,486.73262210153194
3327,2013.3792,1865.0809878650875
1455,5887.6694,4128.4384661990925
7895,5100.028,3916.8113816341993
4732,968.739,1198.2017791442436
456,9158.079,5705.078003711821
4674,351.5424,411.1835399900572
8379,2372.9112,3043.594063987436
23,214.3876,273.5003063429923
5420,3179.195,2971.5377081618803
527,323.5788,392.5612638571099
7408,6157.3184,5125.978639327213
479,2205.1296,3010.0401724091516
4968,432.77,557.2980481498205
6898,1151.834,3751.310278570249
2350,197.7426,543.0774768291274
4284,549.285,457.94481288890347
5712,4247.804,3001.069175909872
2446,585.904,654.5558323132332
3075,6093.4016,3959.4069643994626
3663,774.9912,1084.0927336846748
7029,882.8508,810.3212051727112
51,850.8924,2108.949906568316
3728,2281.6966,1563.206995220178
3698,209.727,663.6262874480379
4127,299.61,1566.1750788618613
489,37.9506,166.71724397516664
2630,3113.2808,3671.792611285105
3319,2614.5966,2015.9332514839314
3681,1518.024,1014.8190344339846
3209,642.497,2027.239395357527
8043,283.6308,299.84572079824943
2828,905.488,3794.5349138835254
7636,575.2512,658.4114519380513
4540,5303.097,5697.972442270783
3697,2529.3742,1401.3708290401557
3619,1808.9786,2650.091686136464
5143,337.5606,1751.8589046016066
1652,498.0184,716.6860075252245
6393,1070.6064,2884.330283741139
2768,934.7832,868.8048362462059
7162,2061.3168,2869.084613252005
2194,2579.975,1600.4387255382221
4626,3149.234,2345.6620751365776
1089,1006.6896,1879.8057194840462
5914,2343.616,1900.5255551569792
6342,4587.362,2880.183081437508
7023,5020.132,3015.0367739147123
6583,1669.8264,2427.7422130381324
7626,144.4786,297.43939353657
3759,3006.087,2108.949906568316
3725,4781.7756,2887.0073113081435
4869,2055.9904,2027.239395357527
1960,5350.3688,3010.0401724091516
3440,127.1678,283.60142570519025
6609,1829.6184,2425.075946794511
5038,4795.0916,3006.0611189416936
6855,135.8232,167.27848558752538
2917,1941.4728,1621.4980856665543
6918,1962.7784,2884.330283741139
4676,7741.9224,3904.3773973072234
4637,372.848,232.38383479594697
148,529.311,2886.5954226431354
1800,719.064,412.74587668104755
7921,888.843,411.1835399900572
6459,1767.699,3012.318485775091
4752,756.3488,764.6136694471035
8314,4853.682,2856.4646609117835
3726,4821.7236,3667.0364921951386
8037,1977.426,2970.9027211302473
6623,1609.9044,2001.5460919161044
2265,1209.7586,1064.1390719065173
5164,3263.7516,2875.3288056214597
978,762.341,365.83639859763747
3287,1416.8224,2882.6163691756774
1607,419.454,758.226141252509
6338,4442.2176,2984.494123518352
4963,1422.1488,1895.4502394506019
3039,105.8622,169.25240299263794
1515,1245.046,1879.8057194840462
3538,857.5504,656.2074500858039
773,2746.425,1505.4599935544836
891,1043.9744,1116.4975336164962
6247,4399.6064,2483.9182434480567
4428,575.2512,749.5465834917076
3651,2763.07,1705.333366874334
6961,2356.932,2453.3207125312615
2095,1231.73,2004.6044051259637
3559,199.74,658.6613809732764
3088,1686.4714,1566.1750788618613
4624,1534.0032,1192.5424343770485
7053,3219.8088,2001.5460919161044
3351,2886.243,2981.7626609147874
6532,3600.6464,3674.3727653688884
8123,3150.5656,2944.404965113979
1891,1068.609,3714.3991997074395
7197,2247.7408,2108.949906568316
1870,1685.8056,2100.4811682252603
5766,243.6828,281.546423122658
6504,153.134,369.4804369727776
3554,1050.6324,2867.924826282727
7724,1491.392,3011.1999593784294
3862,1691.7978,2437.959884962457
4084,2543.356,4022.638077939553
3481,1821.6288,2423.437888011692
3524,2388.8904,1600.4387255382221
880,1174.4712,1109.209248824077
1726,1761.7068,2015.9332514839314
1127,6872.3876,5705.078003711821
2875,467.3916,376.1004668341442
2983,4910.275,2978.943394416608
1513,4006.7844,1926.7197468498434
1585,1102.5648,1474.4902334472333
878,1054.6272,1474.4902334472333
6085,401.4774,671.6802768562529
6753,4229.1616,4069.282115439013
5667,2530.04,2015.9332514839314
7771,2388.8904,2981.3907649993926
3348,418.1224,557.2529650484158
5880,171.7764,411.1835399900572
2232,3123.9336,3012.305311311148
1290,4189.2136,2753.7052706727977
283,2277.036,2433.87354338715
4441,1286.3256,1517.693104976284
1014,1614.565,1296.3733028107395
3514,1113.2176,1566.1750788618613
8177,1869.5664,3964.835997059842
6999,2094.6068,2556.106696530675
4257,190.4188,243.40410519496058
1766,3125.931,3789.1080023733393
5731,1342.2528,2746.1105944425303
7222,589.233,3013.876986945434
2708,4460.1942,3688.2284884083515
675,3896.2616,2874.1690186521814
6433,2354.2688,2418.1493823651635
768,1657.842,1729.5142863875099
8178,4013.4424,2982.543627726456
3956,3214.4824,5317.5343676092325
4807,1874.8928,3836.9688051877615
1292,3327.6684,2529.0824449992656
4340,1006.6896,783.9853762845298
2623,1164.4842,1609.3541937860382
5450,858.882,411.1835399900572
6222,1282.3308,2349.860737938741
3895,183.7608,197.74302797315013
6234,531.3084,636.3677732597715
6345,292.952,663.5333848753435
4513,1090.5804,1371.127995452437
1343,2021.3688,3013.876986945434
917,4655.2736,3972.6305527430904
5754,1944.136,1563.206995220178
1237,1379.5376,2868.685096072216
2554,1941.4728,3830.8513365562417
1690,1294.3152,2556.106696530675
2641,4354.332,5705.078003711821
4341,690.4346,656.8753327213672
2860,4863.0032,3893.4908196835963
3026,838.908,1563.206995220178
85,2479.4392,2880.351230273681
4601,3695.19,5705.078003711821
7726,4637.9628,2875.3288056214597
4539,1406.1696,1888.2145383298907
8414,2263.72,1749.2162144747988
2716,4224.501,2437.959884962457
7546,4277.765,2873.063666719463
502,527.3136,557.2529650484158
6908,5564.7564,3809.6695965554118
7437,1004.0264,2047.6951923123704
7252,4161.25,4462.995041935581
4484,1901.5248,2489.742416102779
7251,2163.1842,3959.9052251896896
8447,7588.1226,3887.7164193001645
5211,2153.1972,2437.959884962457
3656,2749.754,3013.465098280426
8444,482.0392,2953.4521508378157
864,932.12,1560.8767882959073
8005,1910.846,3001.069175909872
1742,1426.1436,2489.742416102779
170,2120.573,2665.4243121392815
4404,1927.491,2027.239395357527
464,4466.1864,2842.054692621536
3223,2873.5928,3663.7684564194305
2397,1884.8798,1563.206995220178
557,1747.725,2225.551639123309
8491,4809.7392,3847.705777675672
470,3448.844,3863.419779201963
6359,3010.7476,2885.9019593754256
874,619.194,1044.8543968374847
5301,906.8196,3875.64227436733
3709,8063.5038,5705.078003711821
2340,129.831,168.65083441847543
3856,2014.045,3013.876986945434
5352,2586.633,2953.4521508378157
2723,5901.6512,5242.749155295405
3783,4074.696,2754.0982151785956
8511,4207.856,3944.4786269703304
31,2741.7644,1563.206995220178
5212,1310.2944,1130.9430470208408
3683,3528.74,2885.9019593754256
2059,1826.9552,3982.5114335249386
7327,2684.5056,2418.1493823651635
6200,1057.9562,2427.7422130381324
418,844.2344,3863.407407596925
2730,2470.118,3955.4240202349743
6196,343.5528,992.0983063000787
5166,2106.5912,2423.437888011692
984,2182.4924,3061.151394043084
4070,2117.244,2874.199500272581
1855,262.3252,290.56668056754944
7716,1797.66,1992.808308498179
6650,1086.5856,1091.7548681853377
4943,352.874,411.1835399900572
800,1108.557,2009.6763276109507
6405,1191.782,1895.4502394506019
1388,2087.283,1729.5142863875099
3953,3994.8,2467.578665241877
5384,4012.7766,3015.0367739147123
2029,1347.5792,1090.9885318997403
1448,2647.2208,2983.334336549073
5831,3029.39,1926.7197468498434
5190,4026.7584,3911.6406932569457
6230,2846.295,1879.8057194840462
8197,973.3996,1014.2978647211021
7498,433.4358,297.1862176470275
5738,1078.596,1085.570063877595
5453,179.766,412.7909597824522
4202,322.913,1254.3003236632057
5467,3972.8286,2418.1493823651635
3359,463.3968,1208.1011926765711
4026,322.2472,392.5612638571099
6349,3332.329,4043.672471386592
2784,3487.4604,2047.4212844392353
3101,978.726,1566.1750788618613
287,559.272,743.5550176242392
3277,5753.8436,5699.151497809007
5644,1612.5676,3965.533007415054
6093,3823.0236,2944.404965113979
7068,2410.196,1998.576660119844
912,2665.8632,1923.9751922556065
1746,404.8064,794.6919086445758
2951,2423.512,2983.334336549073
5799,7425.0016,4667.907278067045
1854,113.186,275.49245300585324
6969,331.5684,1127.4135203240712
3055,572.588,364.14504458081717
5565,3555.372,3840.136197851034
5970,2308.9944,3010.0401724091516
8285,1604.578,2644.087741822113
559,1966.7732,2100.4811682252603
138,535.3032,1480.5460081239735
6901,2988.1104,4042.362997640962
8143,2348.9424,2061.130381274169
137,1314.2892,996.176541400433
6749,1926.1594,2875.3288056214597
4947,296.281,1131.0870456926054
5237,4725.8484,3919.1453035658174
7595,6431.628,5236.728703837828
3302,894.8352,1148.6130222826323
5568,2492.7552,3001.069175909872
8062,2073.3012,1890.4921726717691
7902,5257.1568,2944.404965113979
4737,1896.1984,1986.6075167146992
2242,984.7182,657.0909913307046
5510,1597.92,2556.106696530675
863,1707.777,1761.2210320432182
6648,1159.8236,1480.5460081239735
760,5163.9448,2999.4975002755855
6088,5946.9256,3692.4703892133066
6851,1278.336,1524.5194096509551
2703,966.7416,1472.3578001912883
5412,3705.8428,2788.780785646591
1940,796.2968,3017.315087280652
2873,1657.842,1648.9976842214871
1985,1705.7796,3866.0284462360632
7236,7939.665,4619.080653493529
3063,3110.6176,3013.876986945434
8172,2396.88,2569.1798911272076
5441,1695.1268,1477.3613224221156
1751,6404.996,3807.2735238115883
6780,4566.7222,3745.1633066156437
4397,3466.1548,2617.7647000719835
900,143.147,364.76755061994817
2724,511.3344,711.3122627323514
393,916.1408,557.2980481498205
2707,539.298,947.5785228632806
2735,2656.542,3012.7716350127157
3864,1733.7432,1158.7343659383205
7059,155.1314,369.22726108323513
3429,3418.883,4048.5755585504144
5031,527.3136,412.74587668104755
831,5976.2208,4017.5799648037837
908,657.8104,406.86969805681036
3987,1342.2528,1383.7358933687317
420,291.6204,247.3638534358669
2570,3643.2576,3009.486044812968
4218,1850.924,3015.0367739147123
5658,1272.3438,1086.2440679557158
5525,830.9184,648.4348801076419
194,5070.7328,5125.978639327213
290,569.259,1879.8057194840462
4713,602.549,1992.808308498179
5856,3488.1262,1879.8057194840462
4045,3089.312,3011.6118480434375
3426,2535.3664,2446.766764962362
6073,2326.971,2433.87354338715
6351,1800.3232,3950.3698578250933
5971,808.947,939.1890176791113
4665,2432.8332,2870.332204115899
7308,1428.141,2081.2963190266414
7617,2625.9152,2678.0772725903576
963,2157.192,1365.6927240307405
7309,193.082,243.65728108450304
5117,2892.901,3965.2387715768923
5953,3383.5956,1600.4387255382221
5857,3515.424,2603.095998944208
2049,1328.271,2983.334336549073
4655,94.5436,169.22344480536205
6674,125.8362,281.91047012956045
4958,5359.69,3758.8852340802296
7077,736.3748,794.6919086445758
2212,2942.836,1877.2830186158128
6554,3775.086,2918.7709613908796
2851,466.06,1561.51792249073
159,2471.4496,2433.87354338715
3152,885.514,751.774806590168
7350,3950.1914,3722.8989146413373
2400,2336.958,2883.1704967718606
1912,860.2136,769.393566176966
3614,1488.7288,1885.811579761746
6682,2199.1374,3890.245335840974
4411,1779.6834,2638.1157098559615
6534,1821.6288,1751.8589046016066
6468,282.2992,2108.949906568316
2311,231.6984,1335.1852607454362
4456,785.644,660.0794749840652
3353,628.5152,648.3597579790181
9,4710.535,3011.1999593784294
5417,2045.3376,2864.012579337047
1139,2399.5432,3089.1145701518876
4472,365.5242,281.05926950790496
2884,3020.0688,2958.0843359945093
1314,739.038,1152.7646287115783
3345,857.5504,2001.5460919161044
227,153.134,367.48641449305177
7240,916.1408,995.4933534121966
3904,2446.815,2658.3890871688163
3586,99.87,657.9710876072163
8209,3075.996,1590.9117910824225
634,2370.248,1895.4502394506019
8346,1596.5884,2181.284508218017
7927,4837.7028,3956.74676350057
747,2041.3428,2345.6620751365776
8468,467.3916,1365.6927240307405
191,4745.8224,4061.4493789699727
6672,2993.4368,3011.6118480434375
6601,319.584,1609.3541937860382
1421,2375.5744,2418.1493823651635
1461,3914.904,2997.0901224424138
530,1960.781,1607.5224724251777
5861,3364.9532,2873.7571299871734
4291,517.3266,411.1384568886525
7924,276.9728,655.0082585606635
7112,1278.336,1291.1256493764215
1460,4247.804,3846.5235680349233
7205,3004.0896,2024.9071358693045
7890,2554.0088,1484.6193324446876
291,3866.9664,4538.923538202874
3197,3981.484,5699.151497809007
8488,2756.412,5242.749155295405
4348,2048.6666,2001.5460919161044
1352,2356.932,1895.4502394506019
2529,5972.226,5705.078003711821
1710,6769.8544,5705.078003711821
2635,5470.8786,4488.492714083399
4578,1384.864,1609.3541937860382
3363,3572.017,2953.4521508378157
6804,1597.92,1113.2550317022183
4222,3200.5006,4511.843875769507
6472,3202.498,3809.7786987385334
4644,3235.788,1900.5255551569792
6179,555.2772,505.3869280037553
1861,2885.5772,3966.3747438416453
3598,218.3824,206.8288735779747
1523,5478.2024,5705.078003711821
